Currency,Symbol,Keywords
Bitcoin,BTC,"Bitcoin, BTC"
Ethereum,ETH,"Ethereum, ETH"
Ripple,XRP,"Ripple, XRP"
Litecoin,LTC,"Litecoin, LTC"
Bitcoin Cash,BCH,"BCH, $BCH"
EOS,EOS,"EOS"
Binance Coin,BNB,"Binance Coin, $BNB, #BNB"
Bitcoin SV,BSV,"Bitcoin SV, $BSV, #BSV"
Tether,USDT,"Tether, USDT, $USDT"
Cardano,ADA,"Cardano, $ADA, #ADA"
TRON Coin,TRX,"TRON, $TRX, #TRX"
Stellar,XLM,"Stellar, Lumens $XLM, #XLM"
UNUS SED LEO,LEO,"Unus Sed Leo, $LEO"
Monero,XMR,"Monero, XMR"
Dash Coin,DASH,"$DASH, Dash Coin, #DASH"
NEO Coin,NEO,"NEO Coin, $NEO, #NEO"
IOTA,MIOTA,"IOTA, $IOTA, MIOTA"
Ethereum Classic,ETC,"Ethereum Classic, $ETC, #ETC"
NEM Coin,XEM,"NEM Coin, $XEM, $NEM, #XEM, #NEM"
Zcash,ZEC,"Zcash, ZEC, $ZEC"
Tezos Coin,XTZ,"Tezos Coin, $XTZ, #XTZ"
Qtum,QTUM,"Qtum, $QTUM, QTUM"
Bitcoin Gold,BTG,"Bitcoin Gold, $BTG, #BTG"
VeChain,VET,"VeChain, $VET"
Dogecoin,DOGE,"Dogecoin, $DOGE"
Basic Attention Token,BAT,"Basic Attention Token, $BAT"
OmiseGO,OMG,"OmiseGO, $OMG"
USD Coin,USDC,"USD Coin, $USDC"
V Systems,VSYS,"V Systems, $VSYS"
BitTorrent Coin,BTT,"BitTorrent Coin, $BTT"
Aurora Coin,AOA,"Aurora Coin, $AOA, #AOA"
Bitcoin Diamond,BCD,"Bitcoin Diamond, $BCD"
Lisk,LSK,"Lisk, $LSK, #LSK"
Ravencoin,RVN,"Ravencoin, $RVN, #RVN"
TrueUSD,TUSD,"TrueUSD, $TUSD, #TUSD"
Waves Coin,WAVES,"Waves Coin, $WAVES"
Qubitica,QBIT,"Qubitica, $QBIT, #QBIT"
Bytecoin,BCN,"Bytecoin, $BCN, #BCN"
Augur,REP,"Augur, $REP"
MonaCoin,MONA,"MonaCoin, $MONA"
Paxos Standard Token,PAX,"Paxos Standard Token, $PAX, #PAX"
ThoreCoin,THR,"ThoreCoin, $THR, #THR"
Energi Coin,NRG,"Energi Coin, $NRG, #NRG"
IOST Coin,IOST,"IOST Coin, $IOST, #IOST"
Zilliqa,ZIL,"Zilliqa, $ZIL, #ZIL"
BitShares,BTS,"BitShares, $BTS, #BTS"
ICON Coin,ICX,"ICON Coin, $ICX, #ICX"
Komodo Coin,KMD,"Komodo Coin, $KMD, #KMD"
DigiByte,DGB,"DigiByte, $DGB, #DGB"
KuCoin Shares,KCS,"KuCoin Shares, $KCS, #KCS"
ABBC Coin,ABBC,"ABBC Coin, $ABBC"
GXChain,GXC,"GXChain, $GXC, #GXC"
Siacoin,SC,"Siacoin, $SC"
Metaverse ETP,ETP,"Metaverse ETP, $ETP"
Aeternity,AE,"Aeternity, $AE"
Verge Coin,XVG,"Verge Coin, $XVG, #XVG"
Mixin Coin,XIN,"Mixin Coin, $XIN"
Steem,STEEM,"Steem, $STEEM"
VestChain,VEST,"VestChain, $VEST"
Ardor Coin,ARDR,"Ardor Coin, $ARDR, #ARDR"
MaidSafeCoin,MAID,"MaidSafeCoin, $MAID"
Dent Coin,DENT,"Dent Coin, $DENT"
Lambda Coin,LAMB,"Lambda Coin, $LAMB"
THETA Coin,THETA,"THETA Coin, $THETA"
Status Coin,SNT,"Status Coin, $SNT"
Zcoin,XZC,"Zcoin, XZC, $XZC"
Insight Chain,INB,"Insight Chain, $INB"
aelf Coin,ELF,"aelf Coin, $ELF"
Crypto.com,MCO,"Crypto.com Coin, $MCO"
Nash Exchange,NEX,"Nash Exchange, $NEX"
Enjin Coin,ENJ,"Enjin Coin, $ENJ"
Golem,GNT,"Golem Coin, $GNT"
Stratis,STRAT,"Stratis, $STRAT"
EDUCare,EKT,"EDUCare, $EKT"
Dai Coin,DAI,"Dai Coin, $DAI"
SOLVE Coin,SOLVE,"SOLVE Coin, $SOLVE"
WAX Coin,WAX,"Wax Coin, $WAX"
Elastos,ELA,"Elastos, $ELA"
Maximine Coin,MXM,"Maximine Coin, $MXM"
Nebulas Coin,NAS,"Nebulas Coin, $NAS"
Quant Coin,QNT,"Quant Coin, $QNT"
Project Pai,PAI,"Project Pai, $PAI"
Santiment Network Token,SAN,"Santiment Network Token, $SAN"
Horizen Coin,ZEN,"Horizen Coin, $ZEN"
Grin Coin,GRIN,"Grin Coin, $GRIN"
Nexo Coin,NEXO,"Nexo Coin, $NEXO"
Clipper Coin,CCCX,"Clipper Coin, $CCCX"
ODEM Coin,ODE,"ODEM Coin, $ODE"
NULS Coin,NULS,"NULS Coin, $NULS"
Cryptonex,CNX,"Cryptonex, $CNX"
Waltonchain,WTC,"Waltonchain, $WTC"
LATOKEN Coin,LATOKEN,"LATOKEN Coin, $LATOKEN"
NEXT Coin,NEXT,"NEXT Coin, $NEXT"
Japan Content Token,JCT,"Japan Content Token, $JCT"
Ren Coin,REN,"Ren Coin, $REN"
DigixDAO,DGD,"DigixDAO, $DGD"
ReddCoin,RDD,"ReddCoin, $RDD"
Celer Network,CELR,"Celer Network, $CELR"
Ignis,IGNIS,"Ignis Coin, $IGNIS"
Buggyra Coin Zero,BCZERO,"Buggyra Coin Zero, $BCZERO"
Factom,FCT,"Factom, $FCT, #FCT"
Loom Network,LOOM,"Loom Network, $LOOM"
WaykiChain,WICC,"WaykiChain, $WICC"
TrueChain,TRUE,"TrueChain, $TRUE"
Decentraland,MANA,"Decentraland, $MANA"
Revain Coin,R,Revain
QASH Coin,QASH,"QASH Coin, $QASH"
Matic Network,MATIC,"Matic Network, $MATIC"
Ark Coin,ARK,"Ark Coin, $ARK"
Harmony Coin,Harmony,"Harmony Coin, $Harmony"
U Network,UUU,"U Network, $UUU"
Orbs Coin,ORBS,"Orbs Coin, $ORBS"
Loopring,LRC,"Loopring, $LRC"
Fusion Coin,FSN,"Fusion Coin, $FSN"
XMax Coin,XMX,"XMax Coin, $XMX"
Beam Coin,BEAM,"Beam Coin, $BEAM"
Fantom Coin,FTM,"Fantom Coin, $FTM"
REPO Coin,REPO,"REPO Coin, $REPO"
Thunder Token,TT,"Thunder Token, $TT"
Bancor Coin,BNT,"Bancor Coin, $BNT"
Electroneum Coin,ETN,"Electroneum Coin, $ETN"
Kyber Network,KNC,"Kyber Network, $KNC"
Bibox Token,BIX,"Bibox Token, $BIX"
Power Ledger Coin,POWR,"Power Ledger Coin, $POWR"
Ecoreal Estate Coin,ECOREAL,"Ecoreal Estate Coin, $ECOREAL"
Ether Zero,ETZ,"Ether Zero, $ETZ"
Aion Coin,AION,"Aion Coin, $AION"
Enigma Coin,ENG,"Enigma Coin, $ENG"
Arcblock,ABT,"Arcblock, $ABT"
Cortex Coin,CTXC,"Cortex Coin, $CTXC"
Wanchain,WAN,"Wanchain, $WAN"
RIF Token,RIF,"RIF Token, $RIF"
QuarkChain,QKC,"QuarkChain, $QKC"
Theta Fuel Coin,TFUEL,"Theta Fuel Coin, $TFUEL"
IHT Real Estate Protocol,IHT,"IHT Real Estate Protocol, $IHT"
IPChain,IPC,"IPChain, $IPC"
PIVX,PIVX,"PIVX, $PIVX"
Polymath,POLY,"Polymath, $POLY"
STASIS EURS,EURS,"STASIS EURS, $EURS"
TomoChain,TOMO,"TomoChain, $TOMO"
MOAC Coin,MOAC,"MOAC Coin, $MOAC"
Newton Coin,NEW,"Newton Coin, $NEW"
Storj,STORJ,"Storj, $STORJ"
Populous,PPT,"Populous, $PPT"
CyberMiles Coin,CMT,"CyberMiles Coin, $CMT"
CRYPTO20 Coin,C20,"CRYPTO20 Coin, $C20"
Gas Coin,GAS,"Gas Coin, $GAS"
FunFair Coin,FUN,"FunFair Coin, $FUN"
Synthetix Network Token,SNX,"Synthetix Network Token, $SNX"
Nxt Coin,NXT,"Nxt Coin, $NXT"
Veritaseum,VERI,"Veritaseum, $VERI"
Iconomi,ICN,"Iconomi, $ICN"
Digitex Futures,DGTX,"Digitex Futures, $DGTX"
IoTeX Coin,IOTX,"IoTeX Coin, $IOTX"
Centrality Coin,CENNZ,"Centrality Coin, $CENNZ"
Einsteinium,EMC2,"Einsteinium, $EMC2"
CLAMS Coin,CLAM,"CLAMS Coin, $CLAM"
Chainlink,LINK,"Chainlink, $LINK"
Cosmos,ATOM,"Cosmos Coin, $ATOM"
Maker,MKR,"Maker Coin, $MKR"
Nano,NANO,"Nano Coin, $NANO"
0x,ZRX,"0x Coin, $ZRX"
HyperCash,HC,"HyperCash, $HC"
Bytom,BTM,"Bytom, $BTM"
NavCoin,NAV,"NavCoin, $NAV"
Credits,CS,"Credits Coin, $CS"
Aencoin,AEN,"Aencoin, $AEN"
Insolar,INS,"Insolar, $INS"
Nucleus Vision,NCASH,"Nucleus Vision, $NCASH"
Pepe Cash,PEPECASH,"Pepe Cash, $PEPECASH"
SmartMesh,SMT,"SmartMesh, $SMT"
Sentinel,SENT,"Sentinel Coin, $SENT"
MovieBloc,MBL,"MovieBloc, $MBL"
Stakenet,XSN,"Stakenet, XSN, $XSN"
POPCHAIN,PCH,"POPCHAIN, $PCH, PCH"
Litecoin Cash,LCC,"Litecoin Cash, $LCC"
Loki,LOKI,"Loki Coin, $LOKI"
Steem Dollars,SBD,"Steem Dollars, SBD, $SBD"
SmartCash,SMART,"SmartCash, $SMART"
Viacoin,VIA,"Viacoin, $VIA"